T-N(mg/L),Wtemp,Htemp,Ltemp,EC(μS/cm),DTN(mg/L),NO₃-N(mg/L),NH₃-N(mg/L),Chlorophyll-a(mg/㎥)
4.596,10,11.1,2,210,3.541,2.054,1.45,19
5.666,13,17,6.8,209,4.957,2.282,2.29,70.9
3.993,13,16.6,6.3,188,3.772,2.274,1.415,100.8
4.876,14,17.7,9.3,192,4.254,1.113,1.925,35.3
4.228,16,21.2,11.1,212,3.95,0.953,1.71,9.8
5.96,18,22.2,10.8,260,5.487,0.96,3.265,25.2
5.081,18,22,13.6,229,4.385,0.969,1.92,5.5
3.176,16,25.6,15.5,182,2.871,1.719,1.1,12.9
3.331,20,24.7,15.3,205,3.254,1.818,1.275,8.5
3.534,21,21.5,18.3,181,3.491,1.694,0.975,16.4
3.531,23,29.3,19.5,183,3.396,1.614,1.44,21.3
3.176,24,28.6,21.5,173,2.871,1.765,1.01,25.5
3.648,25,30.6,21.5,204,3.433,2.12,1.18,13.8
3.172,23,25.3,20.7,153,3.004,2.385,0.58,7.7
3.899,23,21.1,17.7,154,3.852,2.964,0.16,27.4
3.558,23,31,19.7,186,3.396,2.502,0.67,17.8
3.865,23,26.7,23.2,282,3.762,1.955,0.745,10.3
3.402,21,28.6,25,92,2.569,1.579,0.195,2.9
2.292,23,31.8,24.2,102,2.094,1.695,0.226,4.4
2.318,24,30,24.2,138,2.147,1.689,0.188,7.9
2.472,20,24.2,19,120,2.459,1.856,0.176,4.1
3.249,21,28.6,20,156,3.244,2.178,0.354,1.8
2.79,21,26.7,20.3,118,2.55,2.054,0.318,13.2
4.281,21,23.5,18.3,144,3.963,2.634,1.131,1.9
3.163,20,22.2,16.7,151,2.958,2.49,0.402,5.8
3.289,19,19.7,11.3,165,3.131,2.516,0.583,20.5
3.2,19,17.7,10.3,145,3.063,2.291,0.578,29.5
4.606,17,21.7,11.8,179,4.575,2.78,1.64,35.7
4.504,15,15.5,7,224,4.167,2.832,0.93,37.8
4.964,14,18.2,6.3,249,4.807,2.882,1.606,20
4.282,13,14.3,8.3,173,4.049,2.376,1.382,21.1
4.667,10,5.4,-1.5,184,4.606,2.939,1.31,7.6
4.661,9,10.6,-1.8,248,4.625,2.621,1.375,15.8
6.197,3,0.8,-7.4,231,6.103,3.094,2.56,28.8
6.668,4,3.7,-1.3,240,6.313,2.936,3.125,27.9
6.028,2,-3,-9.5,233,5.813,3.125,2.585,35.1
6.249,2,0.8,-8.3,216,6.05,2.839,2.715,37.5
6.438,3,0,-5,249,6.152,2.99,2.45,44
5.22,3,1.2,-5.1,276,5.012,2.673,1.828,35.8
7.452,1,-1.1,-10.1,264,6.715,3.428,2.448,71.9
7.263,4,7.6,-0.5,278,6.811,3.093,2.992,80.2
7.776,5,6.1,-4.2,304,7.314,3.149,3.111,87.4
6.665,6,8,-1.7,264,5.915,2.69,3.186,46.8
4.203,8,19.2,8,194,3.667,1.951,1.522,46.8
3.906,11,17.3,7.6,208,3.534,1.902,1.34,23.1
3.976,9,10.3,3.3,203,3.18,1.935,1.15,39.7
4.146,10,10.2,6.2,207,4.061,1.699,1.827,3.3
6.084,14,18.6,9.8,248,5.743,1.987,3.113,53
4.765,16,25.7,11.2,223,4.253,2.101,2.134,45.1
5.436,15,13.3,7.4,246,5.121,1.992,2.774,62.4
3.865,17,23.7,12.7,219,3.861,1.724,1.592,25
4.145,18,19,13.3,238,3.948,1.73,1.789,38.7
3.749,18,18,8.1,209,3.494,1.854,1.208,29.3
3.112,18,20.8,12.9,178,3.106,1.675,0.825,13.6
4.214,20,20.6,16.5,200,3.804,1.52,1.314,12.8
4.463,19,19.4,15.1,224,4.246,1.869,1.715,37.7
3.191,22,29.4,19.7,199,2.978,1.593,1.034,14.2
1.931,21,22,17.4,171,1.814,1.386,0.278,10.7
4.446,24,28.6,19.4,246,4.308,1.804,1.674,38.3
4.217,23,24.5,21.1,242,3.989,1.822,1.585,25.1
4.192,26,32.9,22.8,272,3.861,1.69,1.702,27.9
2.786,26,27.2,22.3,198,2.613,1.489,0.681,20
3.882,22,26.5,21.8,114,2.986,1.636,0.746,4.2
4.222,22,28.3,24.8,149,3.645,2.244,0.082,2
3.25,26,32.9,22.4,111,2.57,1.311,1.094,5.8
2.112,24,31.5,23.7,117,1.886,1.491,0.245,7.8
2.156,22,27.4,20.3,114,1.896,1.646,0.227,1.2
2.623,23,28.2,18.6,115,2.587,1.781,0.28,4.5
2.524,23,28.5,18.3,143,2.236,1.983,0.211,10
2.97,23,29.7,20.1,149,2.962,1.777,0.632,15.7
3.298,25,32,19.2,172,3.173,2.117,0.767,26.6
3.7,23,23.8,20.1,204,3.394,2.147,0.967,5.7
5.065,21,25.8,13.6,275,4.957,2.61,1.228,31.6
4.486,21,22.2,14.3,278,4.042,2.278,1.425,33.1
4.182,19,20.9,12.7,249,3.653,2.233,1.018,42.8
4.871,19,20.5,14.7,266,4.64,2.404,1.956,20.8
4.268,15,16.2,8.7,241,4.075,2.916,0.913,30
4.226,14,16.1,4.6,255,4.204,2.548,1.007,22.2
4.08,14,15.6,5.1,251,3.884,2.486,1.078,35.7
4.309,9,-0.7,-7.2,299,4.121,2.895,0.813,14.8
5.153,9,10.6,3.5,353,5.104,3.255,1.606,12.7
6.542,9,12.8,0.7,408,6.46,3.618,2.58,24
6.913,7,13.3,6.6,351,6.85,3.571,2.161,21.5
6.275,6,9.3,1.5,394,6.169,3.75,2.165,21.4
6.749,4.8,3.2,-4.7,323,5.963,3.515,2.256,30.8
6.324,2,4.2,-4.2,299,6.043,3.205,1.78,84.4
6.947,0,-3.2,-9.4,309,6.485,3.173,2.104,65.7
6.965,4,9.3,-2,332,6.676,3.606,2.76,55.7
7.204,3,7.8,-3,299,6.789,3.406,2.821,60.8
7.692,5,8.9,1.5,313,7.105,2.912,3.724,55.9
8.485,7,9.2,3.2,327,7.908,2.678,4.667,69.9
6.442,4,1.4,-6,292,6.229,2.92,3.112,49.1
7.708,5,6.4,-0.8,291,6.902,2.822,3.519,52.8
6.543,7,8.9,-0.3,280,6.419,2.392,3.448,83.7
7.295,8,9.9,0.3,291,6.777,2.568,2.769,108.9
4.796,10,18.8,14,252,4.484,2.034,1.693,90.3
5.722,9,5.5,-2,280,5.691,1.976,2.676,112
5.568,10,10,2.2,269,4.892,2.273,1.993,118.6
5.752,15,23.9,9.8,262,5.322,2.073,1.958,30.5
6.81,15,14.1,7.9,308,6.653,1.956,3.827,74.2
4.944,13,13,7.7,236,4.55,1.897,1.701,19.2
4.248,15,22.5,8.6,247,4.168,1.948,1.817,9.3
5.912,19,29.2,15.3,243,5.568,1.875,1.97,30.1
3.352,19,22.4,13.7,216,3.184,1.601,1.257,24.6
3.966,19,27.3,15.1,192,3.87,1.404,0.878,10.6
3.439,21,29.7,18.7,218,3.435,1.852,1.246,22.5
2.916,22,22.2,17.9,194,2.448,1.441,0.85,12.5
2.336,21,22.2,16.9,172,2.11,1.255,0.747,12
2.652,22,23.1,19.6,175,2.442,1.545,0.753,26.4
2.978,23,30,19.7,192,2.812,1.549,0.902,36.9
3.734,24,27.4,20.7,200,3.57,1.383,1.919,14
2.074,21,30.3,22.5,134,1.938,1.518,0.062,2.1
2.054,20,25.9,19.9,111,1.942,1.567,0.066,1.3
2.316,22,30,21.2,133,2.25,1.829,0.073,2.6
2.982,25,30.4,21.5,160,2.8,1.826,0.838,17.1
2.324,26,32.3,23,154,2.233,1.593,0.3,25.3
1.585,22,25.9,22.4,85,1.475,1.171,0.067,4.7
2.458,25,31.8,25.1,127,2.384,1.633,0.474,12.2
2.303,25,26.3,22.1,141,2.268,1.551,0.41,12.1
2.899,24,28.6,18.7,163,2.856,1.725,1.026,14.1
2.987,24,27.2,19.1,162,2.944,1.653,0.931,24.3
3.191,23,25.8,16.6,188,3.069,1.629,1.054,55.3
5.65,23,28.1,18,260,4.538,1.77,2.59,52
5.17,20,23.7,13.7,266,4.77,2.142,1.552,77.7
5.402,19,20.1,10.8,308,5.396,2.127,2.797,45.2
4.968,16,18.5,9.8,271,4.91,2.203,1.801,48.6
5.337,17,20,10.5,268,4.665,1.799,2.171,54.2
9.546,14,16.3,4.3,285,9.222,2.48,2.455,42.7
6.213,13,13.9,6.4,236,6.144,2.065,1.787,19
8.559,9,3.1,-4.3,278,8.253,2.778,1.781,42.3
5.826,9,7.5,4.4,306,5.64,2.95,1.719,62.9
5.508,9,8,3.1,268,4.332,2.353,1.63,37.8
6.234,6,8.6,0.9,292,5.992,3.042,0.177,19.4
5.468,4,-3,-9.2,245,5.114,2.558,2.218,15.1
5.734,4,7.7,1.5,258,5.528,2.818,1.24,16.5
6.093,2,-10.7,-15.3,281,5.932,2.8,2.002,6
6.59,3,8.4,2.4,281,6.531,2.961,2.888,8.9
4.632,2,3.1,-4,244,4.616,2.407,1.716,9.3
8.386,1,-5,-10.8,300,6.924,2.931,3.41,27.7
7.646,3,5,3.1,321,7.472,2.579,4.665,19.2
5.468,2,0.3,-7.2,264,5.21,2.637,2.042,68
5.956,6,17.9,5.5,265,5.86,2.412,2.817,64.8
4.028,6,10.2,-1.5,231,3.808,2.091,1.222,34.4
4.89,6,0.5,-4,249,4.756,2.165,1.705,29.6
3.576,6,3.1,-1.9,199,3.556,2.112,0.827,31.6
3.962,7,13.8,4.3,205,3.94,2.101,1.282,26.1
4.174,8,8.7,5.9,212,3.92,2.105,0.896,29.3
4.34,11,12.6,2.3,234,4.318,1.997,1.915,18.3
3.99,10,6.4,1.2,223,3.654,1.987,1.332,29.6
4.034,11,18.5,10.7,221,3.964,1.956,1.258,29
4.316,11,7.8,3.3,221,4.206,1.946,1.767,22.7
3.56,15,25.3,18.2,213,3.43,1.843,1.374,42.2
3.624,17,19.6,8.7,198,3.344,1.76,1.162,38.4
3.256,17,20.9,14.5,193,3.136,1.741,0.859,16
2.85,18,21.7,14,177,2.846,1.848,0.671,8.3
2.97,18,26.2,12.1,178,2.936,1.909,0.47,16.4
3.42,22,30.6,20.5,193,3.344,1.841,0.298,20.2
2.698,21,25.6,20.2,180,2.629,1.667,0.858,8.8
3.423,24,28.6,16.7,197,3.238,1.521,0.981,10.8
4.454,24,24.8,20.6,238,4.384,2.008,1.892,55.5
3.476,26,29.6,22.4,227,3.268,1.901,0.974,143.7
3.978,26,27.7,21.8,256,3.939,1.77,1.641,56.4
2.824,25,29.7,26.3,147,2.77,1.923,0.508,28.9
3.09,26,31.2,23.7,157,3.057,2.002,0.361,67.7
3.063,27,31.9,25.8,177,3.035,1.983,0.692,39.3
2.879,27,32.7,25,171,2.846,1.739,0.818,21
2.791,25,31.2,22.2,112,2.749,2.155,0.255,3.5
2.716,25,22.5,19.9,128,2.62,2.113,0.184,10.8
2.385,23,24.3,21.6,115,2.371,1.983,0.088,6.9
2.717,23,30.5,19.2,144,2.664,2.16,0.356,7.2
2.615,21,23.2,11.9,123,2.583,2.273,0.1,1.6
2.966,19,16.8,9.8,182,2.868,2.423,0.279,2.7
2.869,19,22.1,11.2,176,2.855,2.284,0.233,9.2
3.865,19,19.6,12.9,217,3.708,2.458,0.736,25.2
4.214,18,19.5,12.7,231,4.144,2.779,0.832,26.7
5.265,14,10.1,0.7,281,5.25,3.145,1.396,19.3
4.697,14,12.6,0.8,305,4.586,3.28,1.166,29.4
4.557,11,9.1,-0.5,296,4.495,2.871,1.319,38.3
3.795,10,11.3,3,272,3.686,2.767,0.543,35.2
4.431,9,10.7,3.7,288,4.213,2.781,1.055,26
4.684,7,10.4,5.3,324,4.602,3.14,1.331,29
5.96,6,2.2,-2.1,343,5.71,3.273,1.756,65.2
5.676,3,-7.3,-12.7,335,5.318,3.191,1.367,56.7
5.194,4,8.3,0.3,275,5.038,2.929,1.348,29.1
4.682,1,-1.8,-7.7,264,4.53,2.595,1.844,21.2
6.928,2,-4.9,-11.1,333,6.789,3.406,2.687,31.6
5.568,1,-3.2,-10,295,5.343,2.929,2.034,27.6
5.71,1,-5.2,-10.7,304,5.517,2.314,3.193,30.6
5.614,2,2.1,-4.1,240,5.352,2.412,1.95,40.4
5.088,3,4.3,-5,230,5.04,2.052,2.719,52.6
5.796,5,10.5,2.8,242,5.51,2.177,3.176,75.2
4.364,4,1.6,-4.2,208,3.934,1.915,1.782,48.9
5.542,5,4.4,-2.4,247,5.218,2.164,2.731,58.2
5.038,7,3.2,-3.1,216,4.872,2.16,1.873,64.2
4.442,7,7.3,-2.2,213,4.252,1.988,1.748,35.5
4.562,8,13.6,2.3,218,4.4,2.033,1.658,39.9
5.306,11,16.6,5.2,226,4.942,1.99,1.951,50
4.182,13,17.4,5.7,221,3.872,2.109,1.189,35.9
4.374,13,16.8,6.3,224,4.314,2.091,1.582,31.8
5.214,14,14.2,8.7,245,4.892,2.178,1.961,21.5
4.436,14,21.8,10.6,177,4.3,2.985,0.796,7.7
3.642,16,20.2,11.5,170,3.496,2.727,0.428,7.5
4.112,17,25.4,13.8,183,3.884,2.784,0.582,8
3.176,16,28.2,16.7,190,3.082,2.477,0.254,6.5
3.874,19,27.5,18.2,214,3.774,2.52,0.598,17.1
3.053,21,31.9,19.1,181,2.855,2.222,0.391,7.1
3.243,23,24.9,20.9,190,3.143,1.725,0.862,2.7
3.191,18,23.3,19.7,105,3.093,2.419,0.191,8.3
2.738,19,31.2,20.4,144,2.681,2.318,0.04,8.9
2.86,22.5,32.6,23.6,144,2.812,2.307,0.242,6.8
1.777,19.9,26.2,22.3,63,1.662,1.454,0.094,2.1
1.966,20.3,28.1,23.7,100,1.953,1.64,0.072,1.7
2.064,23.5,28.9,23.2,129,1.993,1.785,0.118,3.6
2.035,21.8,24.6,22.8,98,1.949,1.654,0.058,4
2.297,22.7,28.6,21.2,150,2.275,1.801,0.208,5.7
3.111,25.4,32.8,23.6,178,3.079,1.935,0.456,16.5
3.61,24.1,27.3,17.5,210,3.601,1.983,0.799,17.2
2.683,23.9,28.1,22.8,221,2.625,1.823,0.171,13.8
3.253,21.2,24,12.4,183,3.125,2.086,0.156,17.1
4.513,21,23.5,16.6,253,4.508,2.646,0.666,25.9
3.961,18.9,20.2,12.7,240,3.875,2.568,0.246,30.1
4.207,18.8,23.4,10.7,257,4.201,2.504,0.637,39
4.298,16.4,20.9,11,241,4.234,2.613,0.598,16.9
4.184,15.2,19.5,6.6,261,4.089,2.834,0.392,56.1
4.755,16.8,21.5,13.4,289,4.608,3.587,0.787,60.2
4.481,15.6,18.4,12.5,282,4.306,2.967,1.034,11.1
5.097,13.9,15.7,5.8,301,4.869,3.309,0.889,23.3
5.046,9.2,7.9,1.9,306,4.988,3.072,0.89,15.5
4.369,7.4,5.7,2.3,236,4.3,2.524,0.678,7.6
5.116,5.8,7.2,-1.1,240,5.065,2.708,0.986,5.4
4.841,2.6,5.2,-0.7,227,4.758,2.844,0.881,5.4
5.348,2.8,2.2,-4.1,250,5.21,3.025,1.171,15.5
6.133,2.8,-4.3,-9.6,263,5.793,2.888,1.779,20.1
4.917,1.2,-3.3,-8.1,266,4.853,3.014,1.278,15.7
5.586,3.3,5.4,-2.2,265,5.239,2.714,1.695,40.1
6.092,1.8,-5,-11.6,275,5.615,2.841,1.685,50.3
6.034,0.8,-8.1,-15.3,306,5.661,2.785,1.655,52
6.124,1.9,-3.8,-12.1,305,5.67,2.695,1.781,56.1
5.041,2.2,3,-4.1,271,4.822,2.414,1.362,50.1
4.699,4.1,12.1,-0.8,255,4.454,2.259,1.414,46.3
4.902,5.3,11.8,-1.5,238,4.693,2.119,1.813,42.9
4.551,6,7.7,-0.2,256,4.353,2.077,1.358,20.8
4.035,6.3,5.9,1.8,209,3.995,2.012,1.367,12.5
3.605,8.1,10.4,-0.5,195,3.365,1.918,1.022,30.4
3.745,8.2,15.8,6.4,198,3.509,2.011,0.813,32.7
3.652,8.2,12.8,2.2,193,3.448,2.04,0.631,27.8
4.345,10.9,16.9,11.5,178,4.251,2.876,0.748,10.1
3.586,13,21.3,9.2,186,3.329,2.204,0.422,35.6
3.455,12.9,20.7,10.5,168,3.233,2.144,0.55,14.3
3.472,18,29.1,19,172,3.31,2.227,0.657,52.7
3.379,18.8,27.4,15,175,3.195,2.572,0.344,24.7
3.873,20.2,22,12.7,201,3.678,2.039,0.889,22.8
3.448,20.5,27.8,18.3,206,3.397,1.925,0.745,27.1
3.387,20,23.6,18.6,206,3.34,2.138,0.679,10.8
3.74,22.9,29.1,18.6,224,3.626,2.268,0.487,29.6
3.915,23.7,28.9,18.3,240,3.758,2.288,1.063,35.2
3.041,25.3,31.3,21.3,230,2.906,2.059,0.486,17.6
3.852,26.1,31,19.3,251,3.652,2.379,0.782,31.4
3.089,24.6,27.4,22.6,219,3.023,1.854,0.437,23.2
3.798,22.7,26.5,21,178,3.629,2.695,0.372,8.4
3.229,21.4,28.4,24.7,143,3.067,2.443,0.1,4.8
3.327,26.1,32.1,24.2,160,3.246,2.62,0.114,20
3.215,27.8,35.3,25.9,169,3.104,2.456,0.162,18.6
3,28.6,34.3,25.6,175,2.949,2.266,0.138,26.9
2.503,23.9,27.1,22.4,138,2.487,1.823,0.206,7.8
2.509,22,24.6,20.3,101,2.394,1.918,0.067,1.3
2.565,22.3,29.1,21.7,127,2.362,1.945,0.09,0.2
2.533,22.2,26.1,19.2,123,2.504,1.911,0.178,2.2
2.809,21.2,24.8,19.6,142,2.68,2.217,0.256,2.1
2.869,20.5,25.2,17.7,153,2.815,2.15,0.306,4.2
3.289,21.4,25.4,17.5,149,3.259,2.278,0.22,18.6
3.382,20.8,26,15,189,3.331,2.818,0.193,22.3
3.435,18.6,20.3,12.6,206,3.343,2.653,0.189,16
3.937,17.4,17.6,8.1,208,3.866,2.851,0.3,18.1
3.332,16.4,18.4,9.5,205,3.292,2.556,0.184,6.6
2.968,14.4,12.4,5.8,182,2.908,2.309,0.16,6.5
3.289,12.3,12.5,4.1,198,3.187,2.563,0.115,13.6
3.377,9.9,6.7,-0.6,203,3.301,2.631,0.17,6
3.884,9.2,8.4,-0.4,209,3.707,2.874,0.307,2.9
3.552,7.3,10.2,-0.1,206,3.541,2.815,0.323,3.8
3.56,3.2,-0.8,-6.2,218,3.534,2.848,0.281,5.1
4.602,2.7,0,-9,228,4.486,3.274,0.733,5.5
3.963,1.9,-4,-9.2,235,3.87,2.987,0.618,2.9
4.082,1.2,1.5,-3.5,251,4.011,2.952,0.667,4.2
3.425,0.2,-4.8,-15.1,235,3.378,2.646,0.499,5.3
5.45,0.7,-6.4,-10.7,256,4.592,2.852,1.144,3.5
5.29,2.6,0.4,-5.8,288,5.186,2.786,1.958,7
4.19,1.7,3.8,1,265,4.066,2.629,1.244,7.9
4.826,2.2,8.5,3.5,269,4.82,2.668,1.65,15.9
4.179,1.4,0.2,-3.1,265,3.768,2.21,1.133,8
4.416,2.5,2.9,-6.3,212,4.338,2.323,1.671,7.5
3.856,2.5,0,-8.7,197,3.77,2.261,1.419,13.4
3.81,4.1,8.8,0.8,197,3.792,2.125,1.626,25.4
3.824,5.8,14.3,0.9,201,3.61,2.163,1.34,16.5
3.41,7.3,8.4,1.8,173,3.06,1.907,0.655,14.4
2.998,7.8,10.2,1.8,167,2.684,1.961,0.453,15.9
3.008,9.1,14.9,1.4,177,2.912,2.152,0.559,26.2
3.224,9.6,14.1,3.9,176,3.038,2.032,0.71,9.8
3.836,9.5,8.1,1.3,201,3.678,2.288,0.901,8.3
3.704,12.1,20.6,10.3,216,3.444,2.214,0.89,9.6
3.272,12.5,18,8.3,195,3.018,2.101,0.751,14.3
2.982,17.5,26.2,12.7,200,2.958,2.222,0.152,15.8
2.99,18.6,28.3,15.3,197,2.874,2.092,0.548,15.5
2.612,20.4,25.9,13.9,197,2.542,1.992,0.205,16.6
2.708,18.7,18.1,14.9,179,2.566,1.908,0.309,13.9
2.808,22.3,30.4,19.1,185,2.674,2.006,0.217,9.8
3.173,22.2,22.5,19.6,200,3.015,1.844,0.817,13
2.916,23,29.6,20.6,222,2.607,1.933,0.15,14.3
2.674,23.6,29.7,21.1,161,2.429,1.956,0.139,27.7
2.67,24.8,30.7,20.5,165,2.46,1.638,0.537,17.5
2.648,22.6,26.1,24.6,146,2.568,1.871,0.39,6
2.058,20.4,27.6,23.2,97,1.988,1.693,0.116,0.3
2.767,22.2,29,24.7,156,2.751,2.16,0.298,0.7
2.136,24.3,32.1,25,109,2.131,1.723,0.086,2.9
2.554,25.8,32,26.2,140,2.399,1.946,0.275,3.1
2.349,26.8,33.9,24.2,150,2.244,1.755,0.177,12.2
2.266,25.6,30.8,22.7,158,2.256,2.008,0.149,9.5
2.767,23.7,27.5,16.4,183,2.656,2.271,0.128,89.7
2.616,23.5,20.9,19.1,165,2.449,1.594,0.468,7.8
2.756,22.2,27,15.2,137,2.612,1.946,0.302,3.4
4.001,21.5,24.2,15.3,196,3.886,2.958,0.045,15.6
3.785,20.7,22.8,15,191,3.734,2.942,0.424,24.8
3.239,17.9,26.4,15.9,190,3.224,2.518,0.446,26.9
3.591,16.6,16.8,6.1,201,3.498,2.786,0.315,16.7
4.24,14.2,15.9,9,242,4.133,3.176,0.466,11.4
3.292,11.2,11.4,-0.9,215,3.286,2.652,0.341,8.1
4.09,8.3,5.9,-1.9,244,4.07,2.957,0.752,2.5
3.374,6.5,4.7,-4.3,225,3.222,2.665,0.385,5.9
4.438,6.5,9.6,2.1,291,4.316,3.289,0.654,5.3
4.51,6.1,0.2,-4.3,231,4.412,3.213,0.859,3.2
3.926,4.3,6.5,-0.9,268,3.864,3.04,0.499,3.2
4.672,3.5,2.7,-4,273,4.562,3.431,0.689,4.1
3.854,12.6,21.9,9.9,242,3.72,2.486,0.736,20.7
3.57,13.6,20,7.2,228,3.42,2.417,0.52,20.6
4.278,15.6,16.8,9.3,275,4.108,2.642,1.068,9.5
3.61,17.6,23.3,9.6,261,3.492,2.617,0.785,8.7
5.208,17.6,18.9,11.9,300,4.98,2.424,2.486,6.8
3.534,17.5,19.5,11.5,257,3.126,2.461,0.339,9.7
3.416,19.2,25.6,11.9,245,3.064,2.068,0.572,11.2
4.782,23.1,28.4,16.1,284,4.396,2.322,1.481,11.8
3.688,22.9,28.3,16.7,267,3.63,2.011,1.151,2.9
3.766,22.8,29.3,20,269,3.74,2.012,0.926,5.7
3.952,23.4,25.6,20.8,275,3.872,1.651,1.581,11
3.332,24.2,29,20.2,268,3.314,1.807,1.111,12.9
5.008,25.8,31.1,22.1,278,4.966,1.44,2.798,30
3.104,26.7,29.3,23.7,258,3.008,1.78,0.922,27.5
4.282,25.1,28.6,18.3,240,4.098,1.9,1.265,19.8
2.694,24,24.4,20.9,192,2.436,1.57,0.256,13.4
3.866,25.3,30.7,19.8,196,3.846,2.47,0.375,27.7
3.814,25.1,27.6,18,228,3.592,2.54,0.526,28.5
3.418,24.5,29.2,17.5,230,3.304,2.6,0.308,33.4
3.61,23.8,22.6,17.6,245,3.32,2.36,0.485,13.2
3.946,22.8,29,18.1,252,3.724,2.36,0.742,16.4
4.088,20.3,23.6,10,306,3.896,2.99,0.562,31.6
4.36,18.5,20,8.9,310,4.074,2.98,0.54,10.4
2.872,17.3,18.7,10.4,229,2.494,1.87,0.323,4.2
3.892,15.7,19.4,2.7,293,3.8,1.87,0.498,10
4.666,15.2,18.5,5.4,280,4.35,1.45,0.807,3.1
3.106,11.4,4.3,-3.1,301,3.094,1.92,0.986,5.1
4.974,11.4,10.4,1.7,336,4.708,1.69,0.898,2.1
5.194,10.9,15.1,6.6,335,5.044,1.46,1.019,1.8
5.898,12.5,14.9,10,354,5.838,2.484,2.489,22.9
4.208,11.8,12.2,5.5,286,4.146,2.229,1.096,8.9
4.356,13,17,5.6,288,4.146,2.444,0.92,5.6
3.758,13.5,20.9,7.7,272,3.528,2.299,0.882,6.9
4.786,21,26.9,12.3,248,4.614,2.254,1.486,22.7
4.336,18.2,22,9.8,232,4.07,2.365,0.938,33.1
4.21,19.6,24.1,14.4,226,4.046,2.078,0.721,20.8
4.69,20.5,16.2,13,258,4.644,2.462,1.402,15.2
4.548,23.7,30.3,14.1,262,4.514,2.39,1.067,36.4
3.862,23.7,29.8,18.1,262,3.852,2.282,0.986,21.9
3.974,24,30.2,20.7,266,3.91,2.058,1.335,8.2
3.628,25.2,30.9,20,264,3.582,1.644,0.843,31.3
4.478,25.9,31,19.7,291,4.254,1.9,1.489,44.6
3.93,26,29.3,20.4,314,3.91,2.221,1.003,51.4
5.346,25.7,31.8,22.1,353,5.247,3.117,1.116,26.9
4.095,25.7,28.9,20.6,301,4.075,1.663,1.627,20.9
6.685,26.8,32.1,24.9,363,6.435,3.079,1.698,30.9
2.952,26.3,33.1,25.5,190,2.604,1.72,0.627,8.1
2.433,26.5,31.5,25.6,102,2.322,1.958,0.346,21.5
3.65,28.7,32,23.9,215,3.35,2.17,0.522,37
4.355,27.3,28.1,24.2,272,4.17,2.84,1.116,37
4.9,26.4,30,21.2,342,4.89,3.185,1.092,41.6
5.835,26.6,31.2,21,374,5.538,3.756,1.468,23.2
4.375,24.4,28.4,17,345,4.355,2.878,1.224,22.9
6.52,23.9,27.6,15.5,403,6.02,3.12,1.187,9.6
5.985,24.3,30.6,17.5,413,5.54,3.664,1.188,34.7
5.421,21.3,26.4,15.7,374,5.388,3.492,1.146,46.5
6.495,19.2,26.1,12.1,396,6.095,4.43,1.013,20.7
6.66,19.5,22.7,13.9,420,6.525,4.36,0.963,25
6.98,16.2,14.7,3.2,390,6.665,3.948,1.509,14
6.575,15.3,15.2,6.1,372,6.545,4.648,0.585,14.3
8.52,14,12.1,9.8,415,8.175,4.56,2.617,10.5
4.625,13.6,14,10.7,334,4.45,2.784,0.843,3.8
6.72,10,11,6.5,407,6.685,3.898,1.711,4.2
6.415,7.7,8.5,0.9,392,6.32,3.988,1.333,4.1
6.125,8.1,6.7,-3.4,432,5.975,3.188,1.054,10
6.312,8,6.4,2.6,434,6.201,4.24,1.599,15.5
8.1,5.8,5,-0.2,455,8.04,5.284,2.279,33.5
8.868,4.1,-1,-9.5,502,8.601,6.204,2.311,45.4
11.028,5.6,5.3,-2.5,546,10.572,6.784,2.762,86.1
10.461,3.6,0.9,-6.5,543,9.801,7.024,2.173,153.7
12.605,1,0.4,-12.3,585,12.51,7.958,3.679,73.5
13.185,0.1,-3.4,-14.3,589,12.57,8.34,3.477,43.5
12.44,1.1,-1,-9.1,598,12.275,8.1,3.992,36.2
12.22,3.7,5.5,-4.3,607,12.185,7.18,0.805,48.8
8.71,5,-2.3,-10,445,8.235,4.74,2.797,17
8.08,4.3,4.2,-2.2,437,7.915,4.445,1.984,26.6
12.755,8.8,-1.1,-5.9,510,12.555,6.408,4.013,47.6
4.715,5.4,12.2,4.8,271,4.61,2.984,0.728,32.7
6.355,9.3,9.6,1.3,303,5.675,3.813,1.326,25
5.24,10.5,16.1,5.5,273,5,3.214,0.716,35.4
6.525,12.7,17.4,2.3,335,5.865,3.718,1.293,39
6.04,14.2,19.8,5.1,330,5.5,3.194,1.841,27.7
5.465,15.1,19.4,5.7,306,4.785,2.914,1.412,19
3.6,15,18.6,7.1,255,3.185,2.336,0.463,13.5
4.19,16.1,25.3,10.2,261,3.815,2.642,0.788,31.2
3.681,16.1,28.4,16.5,231,3.657,1.917,0.901,16.3
3.285,18,25.4,16.3,244,2.88,2.273,0.343,16.5
2.58,20.8,21.9,10.8,228,2.265,2.012,0.238,22
3.13,21.1,29.4,18.3,220,3.025,1.881,0.529,8.5
3.39,23.5,27.6,17.4,255,3.055,2.343,0.413,30.7
4.39,24.3,25.9,19.6,271,4.015,2.655,0.339,6.4
3.71,22.8,29.6,19.4,221,3.64,1.855,1.453,13.1
3.696,25,30.7,19.6,254,3.564,2.312,0.785,26.2
3.591,24.9,29.5,19.9,247,3.399,2.326,0.844,28.8
2.885,19.4,24.1,20.2,95,2.485,1.826,0.051,14.2
3.345,22,33.4,24.8,193,3.16,2.532,0.391,13.4
2.84,22.1,28.4,20.7,160,2.715,2.195,0.26,10.6
2.673,24.6,31.4,26.4,163,2.601,2.197,0.15,16.8
2.706,27.7,32.4,25.8,193,2.691,2.142,0.189,13.2
3.822,30,35.5,26.4,205,3.162,2.28,0.295,7.1
3.45,29.6,34.7,25.1,252,3.426,2.463,0.457,9.7
4.431,29.2,36.3,25.8,262,4.053,2.859,0.772,15.1
4.104,25.5,27.1,17.4,291,3.792,2.778,0.483,25.5
5.75,23.6,27.8,18.2,319,5.465,3.792,0.864,16.7
5.427,23.2,28.9,19.7,321,4.944,3.49,0.604,20.8
3.62,22.6,29,15.6,261,3.405,2.396,0.945,25.8
5.085,19.1,21.4,7.4,315,5.05,4.152,0.174,34.3
4.983,19.9,24,11.2,330,4.89,4.132,0.244,15.5
4.704,17.5,20.6,9,308,4.227,3.212,0.946,6.7
5.169,13.7,8.2,0.7,358,5.163,4.04,0.248,8.9
6.447,12.4,17.8,8.5,384,5.751,4.956,0.249,6.1
6.828,12.7,15.8,10.2,407,6.819,5.244,1.07,4.1
6.363,9.6,14.6,5.1,382,6.219,4.68,0.841,3.6
6.249,8.7,5.6,-1.4,367,6.201,5.224,0.627,3.3
6.58,7.3,10.3,0.5,370,6.1,4.505,1.145,4.6
6.594,6.8,6.3,-3,370,6.57,5.18,1.174,4.9
7.49,8.1,12,4.3,345,7.2,5.07,0.938,3.4
4.089,5.3,4.4,1.3,242,3.96,3.075,0.399,4.7
6.837,5.4,9.2,1.8,316,6.654,5.205,1.191,2.5
6.663,6.3,4.3,-3.1,314,6.609,4.82,1.459,4.2
5.835,2.8,4,-8.9,317,5.8,4.9,0.871,8.6
7.115,1.2,-4.1,-12.6,382,7.105,5.28,1.194,9.9
6.245,2.9,0.2,-9.9,365,6.22,4.58,1.346,5.9
6.705,3.6,2.6,-4.4,348,6.67,5.086,1.375,5.4
6.52,4.2,6.1,-5.4,334,6.505,5.08,1.417,4.1
7.235,4.7,5.4,-5.2,356,6.855,4.726,1.397,6.2
6.732,6.7,12.3,-1.3,338,6.198,4.312,1.182,7.8
6.395,6.4,4,-2.8,325,6.275,4.055,1.215,24.9
6.245,8.2,12.2,1.5,306,5.455,3.775,1.12,39
5.855,10.4,15.5,6,317,5.51,3.82,1.003,63.9
6.26,11.3,10.9,4.4,341,6,4.24,0.672,54.4
6.705,12.6,19.2,4.3,301,6.24,4.032,1.404,20.5
4.35,14.2,23.3,10.1,257,4.31,3.022,0.7,26.3
3.815,15,18,11.2,285,3.53,2.85,0.51,15.7
4.5,16.5,21.3,8.3,332,4.29,3.296,0.388,51.7
5.19,19.9,28,15.2,348,5.05,3.706,0.87,33.2
5.11,19.2,23.5,11.1,317,4.905,3.414,0.845,8
5.695,20.3,20.1,12.3,301,5.505,3.418,0.918,4.7
4.94,22,28,15.9,345,4.465,3.208,0.614,29.2
4.925,22.6,29.3,18.1,293,4.345,3.374,0.716,12.2
5.511,22.2,30.3,16.4,369,5.259,3.08,1.707,5.7
4.335,23.5,28,17,335,4.21,3.334,0.399,19.6
4.725,26.1,30.2,19.5,357,3.935,3.232,0.402,21.7
4.875,26.2,29.9,20.1,373,4.775,2.71,1.592,28.7
4.445,25.8,31.6,23.8,291,3.75,2.29,1.108,7.7
3.605,24,25.4,22.6,128,3.175,2.506,0.428,2
4.22,26.2,30.7,23.9,146,4.05,2.478,0.578,5.3
3.39,23.1,27.3,25.6,195,3.38,2.666,0.147,9.3
2.87,23.5,33,24.1,173,2.695,2.192,0.025,6.7
4.19,26.6,32,24.6,236,3.885,3.044,0.354,30.7
2.835,24.3,27.1,23.1,157,2.645,1.98,0.109,7.5
2.915,23.3,29.2,23.7,135,2.53,2.292,0.13,3.9
3.309,22,23.9,16.1,177,3.066,2.648,0.051,4.5
3.522,22.5,30.1,19.7,204,3.471,2.866,0.138,15.4
4.535,23,27.9,17.7,244,3.97,3.238,0.115,34.6
4.925,23,27.6,16.4,288,4.72,3.98,0.377,14.4
4.705,23,30.1,17.4,282,4.58,3.744,0.197,29.5
4.34,19.2,24.8,18.6,249,4.26,2.89,0.378,13.1
5.39,18.4,22,13.6,280,5.24,4.044,0.151,16.2
5.355,17.7,20.6,8.6,296,5.35,3.834,0.117,13.9
4.5,15.7,13.2,2.5,303,4.47,3.718,0.214,10.6
5.485,14.7,16.5,8,312,4.82,4.096,0.209,9.2
5.845,10.6,6.5,-1.1,312,5.725,3.664,0.292,7.7
6.02,7.9,4.2,-3.9,329,5.28,4.462,0.224,5.2
5.535,6.8,9.5,-2.9,322,5.295,3.976,0.571,7
6.085,5,4.5,-6.1,369,5.335,4.538,0.482,12.1
6.235,3.1,-2.5,-11,413,6.185,4.636,0.7,9
6.333,1.8,3.3,-5.9,373,6.126,4.438,0.879,6.7
6.159,3.3,-1.1,-7.9,388,6.087,4.118,1.536,4.9
6.125,3.6,1.8,-4.3,384,6.095,4.096,1.513,3.4
7.55,1.2,4,-1.2,358,6.645,4.326,1.448,2.5
6.105,1.8,7.7,1.8,334,5.955,3.806,1.159,4.8
6.249,4.1,4,-5.3,343,6.24,4.31,1.433,3.9
6.74,13.6,21.2,14.9,285,6.6,3.318,1.709,20.9
4.835,13.5,15.4,0.1,247,4.535,3.156,0.524,19.2
4.16,15.1,18.8,4.9,266,3.74,3.06,0.266,55.4
3.97,14.8,23.3,5.7,215,3.595,2.504,0.233,18.7
3.635,15.4,25,14.1,219,3.14,2.508,0.244,6.1
3.655,16.8,21.8,9.2,243,3.635,2.546,0.156,18.5
3.33,17.7,24.5,11.9,221,3.325,2.177,0.558,18.2
4.48,18.1,23.7,11.3,206,4.25,3.21,0.213,5.6
4.295,19.5,25.9,19.1,224,3.93,2.594,0.172,14.8
3.43,21.7,27.5,18.9,194,3.35,2.426,0.12,24
3.51,21.1,23.9,18,184,3.34,2.318,0.136,13.1
4.415,24.4,30.8,19.9,221,4.39,2.918,0.355,17.9
3.085,23.1,32.9,21.3,192,2.845,2.018,0.156,13.9
3.335,22.7,24.2,20.1,190,3.255,2.646,0.082,14.2
3.805,26.8,34,24,190,3.46,2.378,0.28,41.9
4.335,28.8,35.7,29.2,224,3.89,2.592,0.648,44.3
4.79,29.8,36.9,26.2,244,4.6,2.797,0.804,41
4.325,30.4,35.3,28.3,249,3.875,2.678,0.386,47.6
3.89,30.7,34.4,26.7,274,3.86,2.868,0.438,47.3
2.525,29.2,33.3,25.1,242,2.49,1.918,0.102,35.8
3.01,22.7,24.9,20.2,110,2.8,1.876,0.212,3.3
3.67,22.6,25.8,21.4,144,3.265,2.297,0.161,4.8
5.395,22.7,28.4,18.6,257,4.915,3.727,0.169,21.1
4.12,22.5,27.7,18.5,254,4.085,3.198,0.135,33.7
5.29,20.3,19.7,13,277,4.735,3.3,0.084,31.1
3.75,17,20.9,9.2,213,3.565,2.547,0.272,11.6
4.585,17.1,21,10.9,238,4.32,3.427,0.129,22.8
5.53,16.6,16.9,9.8,274,4.695,3.355,0.158,32.9
5.4,13.5,11.7,3.4,299,5.055,3.695,0.291,11.4
5.135,13.8,18.3,6.6,296,4.985,3.33,0.309,7.9
4.85,12.7,15.1,3.1,258,4.43,3.275,0.372,10
4.27,10.3,11.3,3.3,239,4.23,2.981,0.293,7.7
4.125,8.4,13.6,1.6,248,3.845,2.952,0.263,9.1
4.865,10.2,11.3,0.3,279,4.835,2.766,0.384,22.4
3.84,12.2,17.2,7.6,268,3.68,2.606,0.3,23.9
4.03,12.4,18.1,3.9,271,3.915,2.614,0.356,26.9
4.98,15.4,28.2,10.7,262,4.275,2.596,0.424,18.3
3.835,14.3,17.3,8.3,286,3.795,2.66,0.269,21.5
3.845,17.6,21.3,10.1,281,3.8,3.022,0.133,43.6
4.27,21.4,22.8,15.5,261,4.005,2.708,0.394,33.6
4.32,21.1,20.2,13,252,4.165,2.329,0.723,17.8
3.425,21.6,24.6,11.9,248,3.06,2.255,0.559,10
3.75,23.3,29.5,16,269,3.69,2.888,0.276,31.2
3.865,23.5,21.9,15.7,272,3.665,2.183,0.436,6.5
3.95,23.5,26.2,18.1,265,3.925,2.316,0.615,20.9
4.375,26,30.9,20.9,277,4.12,2.814,0.561,34.4
4.575,25.7,28.9,20.6,268,3.94,2.747,0.251,49.6
4.58,25.2,31,21.2,271,4.3,2.719,0.354,15.7
4.225,26.6,27.4,22.1,266,4.065,2.44,1.052,29.3
3.695,26.7,31,24.2,198,3.265,2.107,0.308,13.5
2.83,24.2,30,25.6,152,2.68,1.85,0.218,5.9
3.669,26.6,35.9,25.6,177,3.456,2.526,0.155,21.8
3.285,28,35.7,25.9,146,3.13,2.107,0.233,14.4
3.945,27.7,31.3,21.2,170,3.875,2.522,0.145,17.5
4.22,25.8,32.1,21.5,195,3.635,2.614,0.298,13.5
3.96,25.4,29.7,19.4,185,3.775,2.053,0.658,23.5
3.042,24.5,28,22.4,214,2.862,1.712,0.15,23.6
4.05,23.5,30.5,20.7,180,3.86,2.662,0.054,23.3
4.575,22.7,24.6,16.9,191,3.965,2.942,0.17,30
3.115,22.4,29.9,16.4,162,2.945,1.946,0.081,22.9
4.7,19.3,19.8,10.6,216,3.93,2.955,0.111,21.9
5.335,18.7,19.6,9.5,243,4.91,3.321,0.071,31.9
6.385,19.1,24.6,10.9,251,6.295,4.076,0.034,2.7
6.355,16.9,17.7,7.4,251,6.3,4.091,0.113,19.4
6.645,16.1,20.3,9.2,263,5.455,3.704,0.145,16.3
6.67,12.1,15.1,7.9,266,6.23,4.018,0.457,7.6
4.2,9.6,12.7,0.4,192,3.86,2.374,0.209,4
5.485,9.2,6,-1.2,266,5.295,3.602,0.324,3.6
5.07,12.8,16.9,4.3,234,4.75,3.567,0.253,57.1
5.485,12.5,16.1,2.9,235,5.145,3.69,0.256,55.8
4.705,14.7,20.4,4.3,241,4.445,3.588,0.105,62.3
4.755,12.8,13.1,7.6,248,4.455,3.236,0.334,58.1
4.77,16,18.3,8.7,251,4.305,3.53,0.012,53.8
4.48,19.6,25.3,14.8,260,4.465,3.5,0.259,26.7
4.245,18.5,22,12.4,229,3.655,2.723,0.257,9.8
2.855,18.8,26.8,13.2,183,2.735,1.927,0.143,12.3
3.264,21.1,21.3,13.7,202,3.075,2.303,0.156,28.5
3.819,22.8,24.5,16.6,239,3.684,2.643,0.352,15
3.735,25.6,32,19.8,232,3.684,2.769,0.394,17.3
2.991,24.9,30.7,20,208,2.826,2.21,0.25,24.2
2.85,25.1,35.4,21.7,210,2.84,2.02,0.448,24.4
2.36,25,26.5,20.6,190,2.329,1.888,0.114,13.6
2.776,26.3,28.1,22.1,225,2.757,2.249,0.075,40.7
2.031,25.2,24.3,17.2,191,1.996,1.715,0.093,10.4
2.255,23.5,26.6,22.4,171,2.231,1.657,0.463,8.6
2.727,23.3,25.5,22.9,125,2.52,2.037,0.143,11.2
2.843,23.7,31.4,23.6,133,2.783,2.293,0.17,6.1
2.51,23.3,32,23.7,143,2.437,2.231,0.09,10.1
3.054,23.3,30,23.8,119,2.964,2.059,0.297,4.4
3.21,21.5,24.9,17.6,141,2.925,2.543,0.162,8.8
2.952,20.8,25.3,13.6,144,2.706,2.289,0.056,15.4
2.664,20.7,26.5,15.7,194,2.596,2.493,0.027,21.9
3.715,18.7,23.1,12.1,186,3.707,3.456,0.129,8.2
3.634,17.1,21.3,12.1,189,3.57,3.167,0.07,18.5
4.827,15.4,21.3,9.8,208,4.704,3.621,0.179,10.1
5.064,14.8,19,8,224,4.998,3.724,0.105,13.2
4.238,12.7,8.6,2.7,222,4.044,3.577,0.255,3.6
4.662,12.1,12.9,3.5,219,4.644,3.712,0.17,5.4
3.189,11.6,18.3,7.5,178,3.009,2.171,0.38,5.6
3.831,9.5,5.9,-1.5,222,3.827,3.424,0.221,4.2
